{"cameraMode":{"drawMode":0,"name":"Shaded","section":"Shading Mode"},"sceneLighting":false,"audioPlay":false,"sceneViewState":{"m_AlwaysRefresh":false,"showFog":true,"showSkybox":false,"showFlares":true,"showImageEffects":true,"showParticleSystems":true,"showVisualEffectGraphs":true,"m_FxEnabled":true},"in2DMode":false,"pivot":{"x":0.3932366371154785,"y":-0.11945188790559769,"z":-0.26423946022987368},"rotation":{"x":-0.008035954087972641,"y":0.9629376530647278,"z":-0.028898190706968309,"w":-0.26806163787841799},"size":0.8660253882408142,"orthographic":false}