{"cameraMode":{"drawMode":0,"name":"Shaded","section":"Shading Mode"},"sceneLighting":true,"audioPlay":false,"sceneViewState":{"m_AlwaysRefresh":false,"showFog":true,"showSkybox":false,"showFlares":true,"showImageEffects":true,"showParticleSystems":true,"showVisualEffectGraphs":true,"m_FxEnabled":true},"in2DMode":false,"pivot":{"x":0.14303851127624513,"y":-0.33114731311798098,"z":-0.11500000953674317},"rotation":{"x":-0.5584649443626404,"y":0.37529438734054568,"z":-0.3126063048839569,"w":-0.6704921722412109},"size":3.8078978061676027,"orthographic":false}